41dc0a0735e6,1
a5da1f3a79e0,2
af4d7ebc45d0,3
2594af7bb2ad,4
81a52e05d2ff,5
55fb93a38df4,6
f0db20f0e480,7
c41aaec074ea,8
3f381dc93da9,9
82d053d9404d,10
7377931c97fd,11
a6560fa37014,12
4d9671da76a8,13
747efc0816ca,14
9829a1dc3b6d,15
a6a9ea5573e5,16
6cb768903ae0,17
c3bb50b66c0e,18
8c82290e54ff,19
51e5f7fb52ec,20
e5592d64fddd,21
c727f0e69e0b,22
99c588c5f6ec,23
321c4a063d63,24
2a02440e00d3,25
447098b1eae5,26
411728526a73,27
3a38d38c0fd8,28
cb17ecced0ee,29
1bf8bd21eb23,30
1e6b21e30b13,31
39f4a22e41c2,32
143eb82b1d4d,33
d7e03db26128,34
772cafae1416,35
a13791b4852a,36
333cc333ea87,37
b0a125c97493,38
c4112e8ed1f1,39
0f9903d3bbee,40
7a8579c1b821,41
7104cc38f6e6,42
387c0398d7a8,43
c0ad50f123f3,44
13fa1e19f87c,45
f674027586d7,46
76717eeff90a,47
4048220b762e,48
af225ef33586,49
0595b5bc3a3d,50
f2709c0cacd7,51
1f0e7fc7710c,52
6cff09e61a72,53
d3bdc2be4391,54
fc4a92930234,55
9bca1af6c9bc,56
ee5c908997e8,57
3702b232da78,58
4c3c32c560a3,59
d51dc556811a,60
1f171c5ace8b,61
cbffa688131b,62
ad4eeed49e7d,63
d19ab5d18491,64
12e2914f8d59,65
1808facbf321,66
b3f1eefa56e3,67
6a6000de78df,68
54444b6ee5f1,69
8af7caacad2d,70
f963a6090df7,71
9cded137dad3,72
d8113b6278c4,73
bd431cd6e65b,74
c2056361e159,75
ed36b29e4846,76
08e4ef68fdc5,77
da7e51df5525,78
482e45c7f810,79
a73ef10ee605,80
cfb4cb5b5d1c,81
08158ddb8e13,82
107c9ed40d64,83
2713b9c69925,84
038e125dc843,85
2e088be50c3e,86
9805740489e6,87
ce4375fdc211,88
32747b462af1,89
7e00af07a2fd,90
79c0e1fcc34e,91
3a80903ba442,92
1bde0bf3d391,93
5c861ec9843a,94
e53f2f14582c,95
43af71415827,96
e47f0c849ef0,97
b7bd6651f8b8,98
d9ffc0ce2b0e,99
07841a1f6561,100
bdfa1da76f15,101
18bdcd356fbe,102
7131cd4dff08,103
f7f342e8a01e,104
a302e2827200,105
daaca6415210,106
8f050458b3cf,107
2ad442c6163b,108
a32d97e3db17,109
d6223706c6e9,110
cb01b228e31e,111
11be2726b14c,112
0b9ff9135033,113
01b925cfc214,114
b36ebe7ca713,115
d80db3fdb323,116
2254ad7f5625,117
5a8f07016d30,118
51172d1d8626,119
d6392dadcf74,120
f67b935b777d,121
d39ef89c6929,122
df4a0933386b,123
2a9423aaec1c,124
f1c106ab0826,125
3789cf2a3c68,126
589e04627c4b,127
52afe9996506,128
ac594772a914,129
b9c0bda92b74,130
533657a5e3d1,131
c8d3632c6593,132
962e54767c96,133
53882d3cfb8c,134
030e8c9fd949,135
8e1a11f95fa0,136
5ec59f784183,137
5544a18ec4b6,138
1286c1949427,139
a6bb241542b6,140
b6eea1ef1ee7,141
e7992f165913,142
ab9868296a25,143
df86579c6cf2,144
9cb927c47608,145
150654f0d1e4,146
55ca8ed19ff9,147
213d93fe8277,148
447328ca1603,149
3ce4d50d526a,150
32e590831a49,151
7a6dcc6bc330,152
dba4c0b4feac,153
757c1b10a1b9,154
7b693e814384,155
deea14f473c7,156
0af662cf4c9d,157
2a72aafdf086,158
a95c7b2cec30,159
a6f024c4739d,160
4d87db7b1d9c,161
07826913526a,162
c3b13e6ad508,163
d96a37ae1947,164
013c1b5758a5,165
4de8bc67bb6e,166
3f2801655e53,167
d3657b2ea9c2,168
344d745793a2,169
0c25137fd207,170
e82a05307f15,171
197173fe3670,172
21ec7210a668,173
b9be2ea56d59,174
934ebd42d184,175
80f2804c6064,176
80e719d62321,177
77411482071b,178
65938f83e3d2,179
6da5bc312a63,180
af10355fd081,181
1582a8e47e57,182
4fe8eaf772e9,183
9ca74ff7fab7,184
14770d493016,185
02613978eaad,186
c7eadc739941,187
49a43a923b22,188
54995cafc191,189
8621d5daa349,190
20cbb58ea1f9,191
d6fc752591e7,192
291146257b92,193
f4b48d63f4b6,194
35335a603a1e,195
2b44d7bee50e,196
88642379ce9d,197
b19342348a09,198
d8d97ba10106,199
640503b8d95b,200
d0db1d871c42,201
54267e2c3e20,202
dd3c437c1271,203
daa55eda8696,204
023203570f21,205
ef9516deac72,206
9c66a2a2c970,207
92908e4e6722,208
b46091451fc7,209
ea351f9f7149,210
26278edb1ae3,211
7e8178a38641,212
80ea27ed591c,213
7f369d73b2e0,214
ba1f4c98bfee,215
fd6650032c62,216
e998c9a5dcde,217
0991cbf9be3e,218
08b371d2da6e,219
62a589fe7b72,220
0edc6bc52503,221
f6739e908999,222
db4c9da2e51b,223
001c4c0449c6,224
7658e184c6a2,225
5f023c9e8e54,226
39131cb90ba2,227
46e29a93743f,228
ce736de73f24,229
b8ea6f5d157b,230
53cf60ef544f,231
34134894d1e0,232
e5d5d0346643,233
ee12d61938f0,234
a10e56e241f1,235
893059f6dd9f,236
c04da11e677a,237
13e2c45d3c2a,238
02d35bd30a51,239
0ab43318c8f4,240
a631f7403c41,241
6f9be50deba9,242
4cf4ba6a84b7,243
7f58dfd90672,244
e088eea84b8a,245
b30116a04019,246
f05b0a0fcf32,247
ac6763a75601,248
231383e41eea,249
513b5748f310,250
07b92358ff91,251
1bd34dd9e953,252
d1b508bb1053,253
5de895493e78,254
22d2345f8f52,255
87377bd5cdf3,256
bbbfe3bc5e9a,257
217cbbfd461f,258
e46df9e986ca,259
c8aa70ac2047,260
d0f83a138838,261
8fedbecad016,262
9f22310aef24,263
c40cdfca126f,264
a2b2ffa6cc1d,265
80ee7664d6f0,266
885211a78aa4,267
9bf220eb39b0,268
5755d23ee102,269
2e535c2971aa,270
1308e3b89f3e,271
4c05d1cfd272,272
c64cdcf4143f,273
ddfb2db93b26,274
c4f5aad1aaf5,275
2dfe41b7a732,276
319bbf2a8c74,277
615c80f10641,278
cd4d0027252f,279
58ff9b44400e,280
f2514f53d35a,281
6f79bb25eae0,282
e7e070540e04,283
255eceed5881,284
355b5924e3f7,285
c2f9b3e1426c,286
2bb2f8ab78a8,287
c0f81798d773,288
5b7d127d6002,289
7cf0e258736e,290
c36a0434f8fa,291
e501317426d6,292
ccb3d5e2ee05,293
61e6c1001af0,294
b9dfcbb75c2d,295
13174169392c,296
af006d66f57b,297
4ff93b84616a,298
863c29ae21de,299
8b65ac34348b,300
9224f4e08774,301
536f62208398,302
abdbdc5063e3,303
2de552432b21,304
ea95aece0eab,305
1d593f810f0f,306
318435bbd817,307
b5bd146e008a,308
c08bd50a96f1,309
7e7c4176034b,310
25972b6253b7,311
33cd923cb938,312
03985a294302,313
b0e9e115b954,314
c4b80de2b4f1,315
1aa373f279de,316
20923216ddbd,317
3d301d408da7,318
567d5d8f092f,319
dba9f0299b19,320
491b39eb6775,321
9cfd027637cd,322
dd3eb69c6291,323
5d6e24698429,324
17ba0acb5ce3,325
9d1b3251b8f3,326
25b7a6a9f272,327
c05c5a16fea0,328
6ebae1b46b97,329
4e25643ee331,330
9c9cb179be46,331
250b4844728b,332
d0e9442d29a6,333
0937bc0efcbb,334
52c6de7e243b,335
82c36dcede5d,336
152f5a977eb1,337
b502aaf6c744,338
a6ec93d08c4c,339
d6c4463bf6a8,340
2c9a3c0677fa,341
f7f28367c719,342
f1caac6161d2,343
5581df96790a,344
f7b41e79cad6,345
eb832cb21a1c,346
5102473f8277,347
1cfbcdc6faca,348
38981b923128,349
cd78dba3e7cb,350
186d4d33f19f,351
785c3654ed86,352
ac909e939aaf,353
929e1c0c4c2c,354
d8bbfdae4bfa,355
38fc18221c81,356
2d123e4e7554,357
9b8d7f7a7c35,358
6b1b9e4e1560,359
2cd4f6a5b86c,360
ed190fb29eff,361
2f8c9b2cda02,362
3bc55de3bc04,363
b747bce65699,364
ac117a71843a,365
a8def280a037,366
1ac9dd6898fc,367
a49c8c6a8e19,368
35116d661b6f,369
28f05e72b737,370
d5a5a7981f3b,371
6f23e3178aca,372
978f12db1a54,373
4fd7bd17d444,374
a3a8fe545938,375
994705bfd292,376
3d7b2dc87158,377
aa15d86315e2,378
2c9b65443f52,379
b618788e5f5a,380
76b522874951,381
61add526f0b5,382
7cdeebb08dfa,383
5b8fbd9c0561,384
2dc37f88b5b1,385
de8d9e8a09b3,386
df21240e1ea9,387
c1ae9e9d9a67,388
9bcc2f45b2b5,389
ea82d7612dfc,390
b2e11a86c772,391
05acfdd8deca,392
034e112d687d,393
63acf59ee373,394
5daebfe66ce5,395
796109bc667a,396
9c5e16a3b989,397
91437b7c2a21,398
af96e9471c64,399
f114abac94c5,400
9efdc31e78e3,401
adbbebcc1db0,402
bc2358cb2bb6,403
42f8ae233a3b,404
597c93eff160,405
c4662fc500bd,406
9f7ff2c6cdad,407
92b437a3ed5b,408
aecd876127b1,409
300bea02a405,410
7e303a55888c,411
42dcf494bce2,412
16e4a90c5d5e,413
993351f682a7,414
373cf07e4f50,415
05a0e934818e,416
7795bd2f3ff6,417
dd4515d864e6,418
bdca11bf9463,419
f55cce87931f,420
22bc61166b19,421
ec4655f8ef15,422
1e6db348ba05,423
fa4f7f75afc2,424
b86fb3afcee0,425
57694c24057c,426
902d8beb910c,427
0edf77fabdc6,428
12403b65f1ea,429
786e24eaa8aa,430
f174148ec8ff,431
325560fcacac,432
88ec3319a0fd,433
b21a004a8197,434
fdf31292da7b,435
1b346ae68a01,436
d5f9d050251d,437
c5e6483c8a2d,438
3e2e7fb02d56,439
d4f8528ec602,440
f818321a2a29,441
5009edf0711a,442
1ca4113db9c6,443
5f5ba6df7bdf,444
64d65e779356,445
9b39d5bbebbc,446
f1da230916fb,447
55074c263e24,448
79daa9ade39e,449
d5ce6f2c98c6,450
2436f4b823df,451
ccd67c790918,452
51051cb4d9ce,453
457572a60731,454
d5471996a228,455
910ea680370a,456
18e4bc3296d0,457
0bf66082a574,458
7976c1655a0c,459
54bdc05378a9,460
4a1a93bf3982,461
6568e8075839,462
6c91b49f234c,463
6e952a2b0e17,464
069e1f03e313,465
f12dba9c9fc1,466
a680d11adcf4,467
a9d5c8c84751,468
0773324bea46,469
9281b1e59272,470
1bc5143f9e59,471
992a132ac0c7,472
f9bf99ac37d8,473
82553a0bf0f8,474
e51693e9cabe,475
c95276fb1428,476
d5c388c9b81d,477
da2084195400,478
4fe3c8cd1c9f,479
340c85fe2742,480
7e4dd77eca3e,481
1f26b0260825,482
364f997a5024,483
e08586c53ced,484
af7a054ca799,485
10cc7bf21207,486
578d9241b4b6,487
654250c87d88,488
7d54c62c1201,489
26ae4f91d488,490
bd5343b39e79,491
9750ef4a7c43,492
918829386e65,493
39f659605960,494
99713c16722f,495
f1ccec1d444c,496
82589e25e4f0,497
24a844633938,498
81abaad4924c,499
a4d9884b9436,500
1bad6b4a4770,501
4ff27c299e1b,502
966f9bd0c5bf,503
b96fdb5f470b,504
cdf9830a5ea9,505
8499219dd143,506
dac3b3852635,507
772cbb8fbc74,508
456f0f2a6fcc,509
f7b6dc2543c6,510
e49713003436,511
0ac59c32afe5,512
d3f8435dd36f,513
712f42894d2f,514
c95e8c4e5b4d,515
bcb4c23255f8,516
a999ba48a74e,517
a3e837375d90,518
8cd8a01732ea,519
aa1e500c8d64,520
c9f6750df0a4,521
7e6e0c149328,522
3fb07a189c97,523
fab8f8156ecc,524
4b68f611886c,525
acd016586b24,526
d07b1dd11264,527
914a3ceb19c0,528
5c78899dfb3c,529
86196199df1c,530
23ed8e55d74a,531
bc0d473391b7,532
3d4d20350a2d,533
59cbff3b90ee,534
e898153cc243,535
ba62da19c062,536
071e76418f3a,537
88533fc5beca,538
6c7b37657325,539
c22c7eb068c0,540
ea4c0b816693,541
b3b7f5a1b296,542
788ab067ba7e,543
6433499d89df,544
6a6867e54cbc,545
e546e853d5a9,546
b83feecc092d,547
7bb4900dd746,548
2b4fee400a3d,549
90e50d4fb60e,550
8a2bb999b362,551
2a2746575f11,552
f7bc920a133f,553
8eca48cceb2b,554
e76c76d831f6,555
a452d5d7579c,556
d180b91aff55,557
dfb069805090,558
4cc9656f5b4a,559
8959d0e97e9d,560
c09553485678,561
fb975b1eef0b,562
cd78853a9719,563
10cb966bc59b,564
b4d3f7753cda,565
49810e1dc8fb,566
2ff0c530d41d,567
0e0452f39058,568
aa955e99e4ac,569
05824c81abbd,570
3f5e8a46d31c,571
82d36b613223,572
702e305c947b,573
f00727852bc1,574
466c762ab53c,575
86cd323f1a54,576
cd0d13824ef5,577
6745e4f67e3a,578
8eee416cb7c6,579
62469fc8d84d,580
ff53c8b06921,581
cc0ad74dd5e7,582
b899b4752d11,583
10a4919ffa05,584
69de43dceb19,585
162b47bd4685,586
604b83ed1e2f,587
5e3b50b84d40,588
8d804ddbbbbc,589
ec6d3a9bbf1e,590
ae5e8020b7bd,591
89e84b417498,592
2bf1f16f4362,593
e35a13ec2de1,594
528d4f16b767,595
ec07998a5612,596
0c39c689dec8,597
8312d0ca973a,598
644499eb0228,599
a7eba98ace0b,600
aac8daa1d39b,601
9c879c5fb8c8,602
f26cc4290989,603
bcd6ee93d705,604
66ba354e9c44,605
8e708522591e,606
f8c1b5a9e149,607
40bf39db27a6,608
e50422e5dd6f,609
e71fb5b71660,610
e7d3752988f2,611
68b1b50c8470,612
3ee6a84ddff2,613
f18e49a3591c,614
79e2a71ebbfe,615
11fa324adf85,616
76d6cc715cee,617
43eb540f700c,618
c7a22ad6734f,619
52ef83ea4e0d,620
bdf26118f70b,621
f4535103a8a8,622
f6d04686946e,623
7c249ab9510e,624
b4f0f878fd86,625
2a9e5ac74ba5,626
4fc474d823a3,627
3d01c1cf898e,628
037dfb5b4f3b,629
87db48f13bbf,630
83699e34ee41,631
fb69558f4b58,632
2ffb384629be,633
40fcf8068a27,634
3645a6fa49eb,635
0047fc2dd34b,636
36929054a526,637
e37888ffd761,638
d3a04e2c5f62,639
2205cd08718d,640
3bfdd3c6ecc0,641
cdb015cc1fd5,642
94fe3da9b00d,643
a4cb1e73b5f3,644
3c15d45d16fe,645
d4a04b572558,646
a9476ecb8032,647
bbc5dc7b787b,648
6e6a16a22c97,649
954482ccf86c,650
1ac8322cfd59,651
13fcd26749f8,652
210c1a8e5229,653
b7f1648dd8e1,654
f9bf35a06869,655
76f123c3a7ae,656
d546e20156da,657
1e81b08e13c9,658
f86f3a431822,659
66cc0e81637e,660
df94a69c7b24,661
396b85b9b183,662
8a3d042cba98,663
831e58c6aa13,664
362186a97197,665
3492f0fb815f,666
904e105775c9,667
132f1ddebb1a,668
7074fac4fb04,669
7f7980cf87dd,670
dade77708856,671
2bd453fa6c89,672
e73773bd33e2,673
2fca12c1f5c6,674
0e13c8ddb8e5,675
3ef216cb1aa4,676
5592e0459180,677
fd23bee80d08,678
40a71ab68db9,679
019c249f50b2,680
79767f005961,681
efd651a27a84,682
6a7e500f7fdd,683
9972027d6af2,684
9251c3e77e04,685
a007fc07e713,686
a3ddba58a7df,687
4e745fadc88f,688
93ecba8c9b61,689
e7421a23221c,690
83b99c353a90,691
89fd7af9a0a2,692
0149907bdac3,693
1cd5f8c0cc26,694
d4cf5be1d557,695
b3fc3a7a492e,696
f5da3185bec1,697
4d2a01e9e617,698
29d5d8a94dda,699
e4ff2ea695cd,700
aeaaacd476fd,701
58490b8c2812,702
d03a74f68e86,703
eeaa2c009891,704
1ddcf35c88aa,705
0e5f6b32e432,706
00acf7ab9ba8,707
620e5c6b2cb5,708
08beff03abbf,709
d10919baa99f,710
3eaf042b8fc6,711
61fe2decffee,712
7964fdef6941,713
83c4fcafa234,714
4e681de7f793,715
7563d38fcb09,716
adb0aea93223,717
13ef8e2bb0d5,718
5ee87d957f95,719
af2809315c5f,720
60fe8c2a161e,721
c55e7569c8c4,722
eb5fbe74cd79,723
f7c30f08b964,724
bfc711586d37,725
f11eee18180c,726
a19c16a801f9,727
5854d704db96,728
217ddf7957e9,729
731f49e74b87,730
41bcef065ade,731
003402dafa25,732
b071725ab73e,733
0eea119b5a33,734
8b94135e2f85,735
6c1974d0d3ca,736
5d4ad7c2bf29,737
786df9cc77f0,738
e50570006ff9,739
37350517b15e,740
4665ac333d4f,741
ed1227250ddf,742
af34852e9374,743
7de8be3561ae,744
fa938c5c96e2,745
648ecf201aa4,746
a80d1131b032,747
1f9550c210de,748
99342264de20,749
5fdf5080c7d3,750
3a76c164b950,751
914432b52602,752
e5273358b3dc,753
d6b581a82ef4,754
12c8855691f0,755
e85f5662984d,756
809ae3027af4,757
99161948904a,758
e7d87162c90e,759
67300af4958f,760
9f5802859d6e,761
92d9b45e815e,762
34a239e2ff7d,763
92526088be88,764
61ee61bb2a86,765
4793b6268e45,766
4e3f4827f95e,767
df6c5cfeacde,768
3a60bf74c628,769
f24e28a408b8,770
c1c8cfc82915,771
123dfe5d0a5b,772
efc3df9ae675,773
0967a9c8bec7,774
e0fad6ebe78b,775
ddb98726a150,776
0a17b4fd28dc,777
6745962ccef0,778
ec3313ff92fb,779
b14bca3174dc,780
8b72d4e63a5f,781
40bea778aeb9,782
da4f3fdcf84d,783
12686b1c9582,784
a13e2029dacc,785
ab2636bafd72,786
b4efff178e6b,787
cbada8417a35,788
535cc16f54c8,789
1ebac24da9ca,790
d9fc3cd52fda,791
1537f9818060,792
39cb7994fc77,793
6c52681fca87,794
9ab11fcf3c29,795
1989491938ac,796
045300941835,797
159169f1320e,798
e2602ca34d97,799
acaf1544f417,800
caa6e014b09c,801
e72ecfd1ef53,802
19467ee7ee6f,803
c31fc7156c5b,804
bfd43eac4fb4,805
132c41950433,806
360bfceb632f,807
de9a103f5b02,808
2c9abfb9f40a,809
bc69de7576bf,810
724604b2f607,811
a623eb0078d9,812
4257c3c7e8eb,813
b828be6e9395,814
c2ca0dacbfa6,815
2fd8024b9723,816
c2a88f215f06,817
b6b4fe8de9e5,818
73321f3550d4,819
0816734b912f,820
6958ad0336f7,821
c5a17b3d9ae3,822
bb5ae192ca42,823
8956d340679c,824
464c6a7d355d,825
272b234d9864,826
fd3358db12e3,827
3829e2b61bb4,828
42c00c912132,829
48c5a2eebd00,830
2365f8af04f8,831
3b362ce97fb0,832
288a3a9fea75,833
18f175a715b7,834
d11058462bb1,835
389a656f9395,836
ab11f2dc03d9,837
ba2f87b438ff,838
49bce2c39774,839
8f343420d595,840
54bf713df244,841
2924e8a4dd31,842
4cab9aefa1f4,843
dd1dea9b8cbf,844
3f0753fd128b,845
d4a964ca01e8,846
2b2c0d16f780,847
27632d9cf6b8,848
6c54f6110298,849
36a8a68dfd59,850
371f04bd4262,851
933a94c3776b,852
76488dc1e3c0,853
cdde7e6a2099,854
e476d7ca7238,855
22ae62808a93,856
df1d76e6aa7f,857
6caa914ef20b,858
934f252d68ed,859
f609c3e203a9,860
664f30cfc88f,861
6ca705c94a3a,862
46907789e89e,863
88cbc426fa03,864
ba9cabe13bda,865
59ffef4f69a9,866
d9d27197692e,867
dbfbd901dadf,868
f4fecece8d32,869
cea67cf5f72e,870
e56e6bde9b8d,871
6f0554ce1115,872
b2fd9060fe40,873
af4751e66736,874
8bb330609bc9,875
6383a11a81b9,876
3f49e1523037,877
8a95b4599b2c,878
e634de7fe41f,879
95c22e74db3e,880
6fba1cb63e4b,881
0da7b9d52942,882
9d07d8d0b658,883
3fc8dedbb583,884
ec1505f4c680,885
35f4a9cbec2a,886
404c7c70e96b,887
5b8855065dc3,888
76ed80391333,889
5a9ae5c8cb36,890
ea9e299906e6,891
3fb7c6d0b82a,892
71c53264231e,893
99741466c47b,894
d69edd334865,895
88447f90fd66,896
52490da068d9,897
bbd0319b95e9,898
f498ff5ca7f3,899
e631783b5eb5,900
6a430f3b19ce,901
108b1133be98,902
2df2cf7279bb,903
a08338a815a7,904
b6264c35611e,905
6901f17b6b17,906
c5a5bdd70706,907
32066d7ef365,908
e50f66310c86,909
7c3a937fe46b,910
130675d6235e,911
675ea8d83953,912
8db08681bc17,913
ec5f4fb5ab6d,914
af91276998d0,915
5342895d4036,916
2b414f2d04ff,917
d41de0f4faf4,918
180b8d94a3b3,919
f658580585f9,920
22e84de9fb4f,921
800535cf7458,922
0eea3a8d41da,923
5606f42402d0,924
d1e0ae0ac007,925
1341fd7ff504,926
458baf61243f,927
0909fc6866b2,928
ea4fd119c533,929
93112b137b15,930
7b8105d56b38,931
56a6ca228f7d,932
29176472626c,933
41f2401eb013,934
f577b32a5892,935
65cb12a572ce,936
ec37ff899ee4,937
d93c0ab6ebf1,938
748baebeee1d,939
f2637f63038c,940
97758d76d30e,941
cd608fd81882,942
fd614498168f,943
0c03346c8b10,944
c31856d703e8,945
4be71df141ef,946
b245111d4d2e,947
f899dd4ea44a,948
85d7918c29c3,949
836de1441040,950
083da6e6bb57,951
16ee716365ca,952
f36fdab5dc10,953
521cd8a86f06,954
6d9aa0c8a76c,955
f9bbe5684bed,956
39c358d242f1,957
76f2287f41c8,958
97a6688e8ec5,959
7026ee4a80cf,960
5fb6b5f92519,961
17bf5b356c45,962
8d1cdde08440,963
62609563e4a9,964
f522f071a46a,965
b6a39e452b2d,966
5c92e37b505c,967
180ee9b52eb0,968
3ce7e817cd2b,969
4b2980a5a6b6,970
88cd79501146,971
a04bb46bc8bd,972
20a8d5e380ff,973
ff6630e115a8,974
96396e2ee582,975
cafd2fa28294,976
8eb9b00f06a3,977
dbb8a26c2c9f,978
82e7de21e084,979
65b65f285f5f,980
33a093924168,981
412d037eae2f,982
b5b8406237e7,983
f02ddb93c660,984
69092e36d73c,985
46fcfb08d3a4,986
c6c2df0c5c5c,987
3cdc12ec93e4,988
c720130eb591,989
f1e4add428b3,990
17c7226fccb3,991
fc0cab67e758,992
333e0782a5f7,993
f5eabf437b03,994
9b66e52bdb9f,995
11f1e000e605,996
43adc2bbc26b,997
664298f8abaf,998
b8cd93551c8f,999
0406b993302d,1000